{"chunk_definitions":[{"chunk_id":"cs82i77nrj7ju","chunk_label":"datatemp","document_id":"6105A76A","expansion_state":0,"options":{"echo":true,"engine":"r","label":"datatemp"},"row":12,"row_count":1,"visible":true},{"chunk_id":"cuj99hoa6zuiv","chunk_label":"datatemp1","document_id":"6105A76A","expansion_state":1,"options":{"echo":false,"engine":"r","eval":true,"label":"datatemp1"},"row":23,"row_count":1,"visible":true},{"chunk_id":"cl8o163t86jty","chunk_label":"datatemp2","document_id":"6105A76A","expansion_state":0,"options":{"echo":false,"engine":"r","eval":true,"label":"datatemp2"},"row":31,"row_count":1,"visible":true}],"doc_write_time":1588195171}