{"chunk_definitions":[{"chunk_id":"cs82i77nrj7ju","chunk_label":"datatemp","document_id":"6105A76A","expansion_state":0,"options":{"echo":true,"engine":"r","label":"datatemp"},"row":17,"row_count":1,"visible":true},{"chunk_id":"cuj99hoa6zuiv","chunk_label":"datatemp1","document_id":"6105A76A","expansion_state":1,"options":{"echo":false,"engine":"r","eval":true,"label":"datatemp1"},"row":28,"row_count":1,"visible":true},{"chunk_id":"cl8o163t86jty","chunk_label":"datatemp2","document_id":"6105A76A","expansion_state":0,"options":{"echo":false,"engine":"r","eval":true,"label":"datatemp2"},"row":36,"row_count":1,"visible":true}],"doc_write_time":1588182601}