{"chunk_definitions":[{"chunk_id":"csetup_chunk","chunk_label":"setup","document_id":"C625C4C3","expansion_state":0,"options":{"engine":"r","include":false,"label":"setup"},"row":34,"row_count":1,"visible":true},{"chunk_id":"c50v3gzlohqbj","chunk_label":"logo","document_id":"C625C4C3","expansion_state":0,"options":{"echo":false,"engine":"r","fig.align":"center","fig.cap":"Logo Rmarkdown","label":"logo","out.width":"80%"},"row":38,"row_count":1,"visible":true},{"chunk_id":"cpf0j4o47jeoq","chunk_label":"unnamed-chunk-1","document_id":"C625C4C3","expansion_state":0,"options":{"child":"G2_PresentationDonnees.Rmd","engine":"r","label":"unnamed-chunk-1"},"row":51,"row_count":1,"visible":true},{"chunk_id":"c2xp7jxusd7al","chunk_label":"unnamed-chunk-2","document_id":"C625C4C3","expansion_state":0,"options":{"child":"G2_PremiereAnalyse.Rmd","engine":"r","label":"unnamed-chunk-3"},"row":56,"row_count":1,"visible":true},{"chunk_id":"c8swvbiqyuvhi","chunk_label":"unnamed-chunk-3","document_id":"C625C4C3","expansion_state":0,"options":{"child":"G2_ACP.Rmd","engine":"r","label":"unnamed-chunk-5"},"row":61,"row_count":1,"visible":true},{"chunk_id":"cyotxmudc3xw8","chunk_label":"unnamed-chunk-4","document_id":"C625C4C3","expansion_state":0,"options":{"child":"G2_Ref.Rmd","engine":"r","label":"unnamed-chunk-7"},"row":66,"row_count":1,"visible":true}],"doc_write_time":1588235609}