{"chunk_definitions":[{"chunk_id":"csetup_chunk","chunk_label":"setup","document_id":"F35B51D3","expansion_state":0,"options":{"engine":"r","include":false,"label":"setup"},"row":33,"row_count":1,"visible":true},{"chunk_id":"cm09dyxo39oif","chunk_label":"logo","document_id":"3AD0E0E4","expansion_state":0,"options":{"echo":false,"engine":"r","fig.align":"center","fig.cap":"Logo Rmarkdown","label":"logo","out.width":"80%"},"row":37,"row_count":1,"visible":true},{"chunk_id":"c6uy07egoix11","chunk_label":"datatemp","document_id":"3AD0E0E4","expansion_state":0,"options":{"echo":true,"engine":"r","label":"datatemp"},"row":54,"row_count":1,"visible":true},{"chunk_id":"cmq11m9w6xf4w","chunk_label":"datatemp1","document_id":"3AD0E0E4","expansion_state":0,"options":{"echo":false,"engine":"r","eval":true,"label":"datatemp1"},"row":62,"row_count":1,"visible":true},{"chunk_id":"cxbtfwikxtosy","chunk_label":"datatemp2","document_id":"3AD0E0E4","expansion_state":0,"options":{"echo":false,"engine":"r","eval":true,"label":"datatemp2"},"row":68,"row_count":1,"visible":true},{"chunk_id":"ckylibcy0ti4l","chunk_label":"datatempville","document_id":"3AD0E0E4","expansion_state":0,"options":{"echo":false,"engine":"r","eval":true,"fig.align":"center","fig.cap":"Températures par villes\\label{fig:tempvilles}","fig.height":5,"fig.width":6,"label":"datatempville"},"row":77,"row_count":1,"visible":true}],"default_chunk_options":{"echo":true,"fig.pos":"h"},"doc_write_time":1588178251,"working_dir":null}