{"chunk_definitions":[{"chunk_id":"cf1l4spxuao2c","chunk_label":"functemp","document_id":"FD46DA2E","expansion_state":0,"options":{"echo":true,"engine":"r","eval":true,"label":"functemp"},"row":22,"row_count":1,"visible":true},{"chunk_id":"ciusnxs63875f","chunk_label":"graphtemp","document_id":"FD46DA2E","expansion_state":0,"options":{"echo":true,"engine":"r","eval":true,"fig.align":"center","fig.cap":"Courbes de températures mensuelles par régions","fig.height":5,"fig.width":6,"label":"graphtemp"},"row":38,"row_count":1,"visible":true}],"chunk_rendered_width":700,"doc_write_time":1588179893}